epoch,time,train/box_loss,train/cls_loss,train/dfl_loss,metrics/precision(B),metrics/recall(B),metrics/mAP50(B),metrics/mAP50-95(B),val/box_loss,val/cls_loss,val/dfl_loss,lr/pg0,lr/pg1,lr/pg2
1,2158.69,0.75074,0.4972,1.16138,0.89042,0.82407,0.87325,0.69705,0.75674,0.59084,1.11356,0.000128295,0.000128295,0.000128295
2,3350.11,0.81947,0.60969,1.21758,0.85516,0.8221,0.86815,0.68966,0.76423,0.60445,1.13319,0.000231223,0.000231223,0.000231223
